path	prior_git_object	current_git_object	unchanged
.github	766080a8a4ef1e42fa2db9b12620e66e6748066c	766080a8a4ef1e42fa2db9b12620e66e6748066c	true
web	b509035d8487c43df0d72d8698c1ee5bc6a5b208	b509035d8487c43df0d72d8698c1ee5bc6a5b208	true
tests	bae4b0f3515bad0163f188b8f1b99eb257ca91ce	bae4b0f3515bad0163f188b8f1b99eb257ca91ce	true
src	300870d58868e1978a04d7815929ae03897b87ce	300870d58868e1978a04d7815929ae03897b87ce	true
scripts	4bbcf34badbf6d1b7ef8daf02b77458f31666cad	4bbcf34badbf6d1b7ef8daf02b77458f31666cad	true
render.yaml	3c5d925c9c4c06057ac88218275f3b629b630edf	3c5d925c9c4c06057ac88218275f3b629b630edf	true
pyproject.toml	a3a0721f8800c4f765ceb24452560ba8b2637798	a3a0721f8800c4f765ceb24452560ba8b2637798	true
poetry.lock	939fccb4dc082fbbc70cd6702f78f206d3b5927f	939fccb4dc082fbbc70cd6702f78f206d3b5927f	true
.github/argus-env.sh	sha256:9fa1d9f95ffc0137a3847ac74bc7e5bf71e7245f1e40ed798524e67361a93a9c	sha256:9fa1d9f95ffc0137a3847ac74bc7e5bf71e7245f1e40ed798524e67361a93a9c	true
.github/private-alpha-release-profile.py	sha256:504b5cd21aa25125fe0e251628b2e1f3cc51a5cf2753ce66cb770f6d8d0ac2ab	sha256:504b5cd21aa25125fe0e251628b2e1f3cc51a5cf2753ce66cb770f6d8d0ac2ab	true
.github/private-alpha-release-profile.json	sha256:424b0ded5f10ce822fb7ce439d9034e944fe57afeee01df4cc3f8d8517e09f9f	sha256:424b0ded5f10ce822fb7ce439d9034e944fe57afeee01df4cc3f8d8517e09f9f	true
render.yaml	sha256:ed1929aeae05ef1ec310d213daced90a8e37034bcea14315e13da0bde756acab	sha256:ed1929aeae05ef1ec310d213daced90a8e37034bcea14315e13da0bde756acab	true
web/lib/recovery-request.ts	sha256:f2ffd0b9ead398119fa78ad664c256248f4fd3f9985883f8db19783e8758967c	sha256:f2ffd0b9ead398119fa78ad664c256248f4fd3f9985883f8db19783e8758967c	true
web/app/api/auth/recovery/route.ts	sha256:3ec8937eef249fb8c279f3bd49a980aa23293387e316de97cb22ee89820f9c4d	sha256:3ec8937eef249fb8c279f3bd49a980aa23293387e316de97cb22ee89820f9c4d	true
tests/test_web_env_profile.py	sha256:ad1e518c1c70977ca19f7c9725a5c0b131a83bd6a6d035c06436b43ad890d5fa	sha256:ad1e518c1c70977ca19f7c9725a5c0b131a83bd6a6d035c06436b43ad890d5fa	true
tests/test_environment_scripts.py	sha256:b9d5e3cc544beb876d43be164babe8929f2246ee854b465352f7ae24ef1db39d	sha256:b9d5e3cc544beb876d43be164babe8929f2246ee854b465352f7ae24ef1db39d	true
tests/test_release_environment_membership.py	sha256:62135278d9d19cdf95333f2f2498224a4ed09cd71d500bfce5e50dae90c6d4e4	sha256:62135278d9d19cdf95333f2f2498224a4ed09cd71d500bfce5e50dae90c6d4e4	true
tests/test_private_alpha_release_profile.py	sha256:eade5858773295d38df8b1509dfc2a053e53b5f51d2d76b860ee361f77548061	sha256:eade5858773295d38df8b1509dfc2a053e53b5f51d2d76b860ee361f77548061	true
web/__tests__/auth-security.test.ts	sha256:aa4177945948bd79df8ec046d22e5f9fdae11f6dafb30ace754c5c07be7a6407	sha256:aa4177945948bd79df8ec046d22e5f9fdae11f6dafb30ace754c5c07be7a6407	true
web/__tests__/recovery-client-ip.test.ts	sha256:f04782ff304d4d99ed5108d2da3fc3be286f9e4a84355e8842a0b71391ba5435	sha256:f04782ff304d4d99ed5108d2da3fc3be286f9e4a84355e8842a0b71391ba5435	true
docs/reports/evidence/865/verify-reconcile-loader.py	sha256:c5e79c379589a25a4dab100211fe64a7a9a6652dc9578901249744769be76b1f	sha256:c5e79c379589a25a4dab100211fe64a7a9a6652dc9578901249744769be76b1f	true
