id	test	screenshot	classification	observation	old_file	new_file
1	CuadraoCollectionUITests/testGroupPeopleOwnerAndRemovalReview()	group-outstanding-removal-review#0	Transition frame	Sheet or navigation transition is at a different position. Static capture does not establish settled-state behavior.	2A59014E-A0E3-4521-807F-DE9D62C7518E.png	614852BC-4BD5-4E20-8810-1618401C7B15.png
2	CuadraoCollectionUITests/testPersonalPlanSwipeEditArchiveRestore()	plan-swipe-archive#0	Minor rendering	No visible content or geometry change at contact-sheet scale; small pixel differences remain.	1C51101A-F2D3-4FE5-9932-0DF4ACE625BB.png	3F99B398-0E39-43E9-9972-DE0C582E0852.png
3	CuadraoConsistencyUITests/testEmptyAndLoadingGallery()	gallery-empty-dark-large-en#0	Scroll or vertical offset	Same visible content at a different vertical offset. Cause is not proven by a still image.	57B161DB-83E0-4CE6-8C1E-A9A2DC01EE47.png	AF7C42E6-BCB9-4CFD-84F8-6185AAAE91C2.png
4	CuadraoConsistencyUITests/testEmptyAndLoadingGallery()	gallery-loading-dark-large-en#0	Scroll or vertical offset	Same visible content at a different vertical offset. Cause is not proven by a still image.	9873091E-6FFB-4239-991B-405359800E48.png	A5E40869-06F6-4707-AFB3-3156A7E85B21.png
5	CuadraoConsistencyUITests/testEmptyAndLoadingGallery()	gallery-unavailable-dark-large-en#0	Scroll or vertical offset	Same visible content at a different vertical offset. Cause is not proven by a still image.	488C90C4-CBF3-4C38-8DCA-ADA10800F5B3.png	5BD3A612-2593-4864-8683-18434179832A.png
6	CuadraoConsistencyUITests/testMoneyEntryAndBlankCreationSpanish()	money-precision-error-es#0	Keyboard or focus frame	Amount/name content is preserved; keyboard, caret or keyboard-related offset differs.	E5854177-8AFC-4518-9740-F41F106AB1E0.png	CB24A90A-5E03-4F4A-8624-217FA34984E2.png
7	CuadraoConsistencyUITests/testMoneyEntryAndBlankCreationSpanish()	money-valid-plan-es#0	Scroll or vertical offset	Same visible content at a different vertical offset. Cause is not proven by a still image.	ACF1FAC8-F76A-41DB-85FB-7C1A5E39BFB0.png	3C57372F-7EAE-4562-B55E-BE4E935A45D5.png
8	CuadraoConsistencyUITests/testReferenceGalleryAndSharedAccountsBehavior()	gallery-money-dark-en#0	Scroll or vertical offset	Same visible content at a different vertical offset. Cause is not proven by a still image.	A976549F-38A0-4A57-B789-D944C222A4A2.png	A441BB2B-4C94-4007-BFCC-D45846E3B8D5.png
9	CuadraoConsistencyUITests/testReferenceGalleryAndSharedAccountsBehavior()	gallery-money-large-en#0	Scroll or vertical offset	Same visible content at a different vertical offset. Cause is not proven by a still image.	043AC935-C143-4E07-8AAA-C8FE0393308F.png	CEAA986B-CBA0-4566-85EE-4CFC80EDAFF0.png
10	CuadraoConsistencyUITests/testSurfaceTypographySpanish()	chat-type-es#0	Persisted hint state	Composer hint is absent in new capture. Unchanged AppStorage-gated code explains a possible state difference; this run did not inspect prior defaults.	B1349372-F3E8-4E39-977F-9E8FFE7C7937.png	BAE298FE-3962-46A6-8A19-69455EB1F7CC.png
11	CuadraoContextUITests/testChartContextKeepsPeriodAndDistributionSelection()	context-chart-selection-en#0	Persisted hint state	Composer hint is absent in new capture. Unchanged AppStorage-gated code explains a possible state difference; this run did not inspect prior defaults.	47F6B42C-9C58-43D5-93E1-8FEE1D256BA0.png	B384A72A-5CE6-4D6F-AEC9-69DEF7EE9921.png
12	CuadraoContextUITests/testContextVoiceReturnsToConversation()	context-locked-recording-en#0	Animated voice state	Waveform, glow or tab presentation differs. No new static content loss identified; still images do not prove animation quality.	BF3705EB-4458-4985-91A3-071991636F14.png	730D3F3A-A7F1-49FD-B37E-9631285C6CE9.png
13	CuadraoGroupDesignUITests/testPersonalPolishAndLargeText()	plan-refined-goal-change-es#0	Slider input differs	Monthly amount is 12,038 versus 12,018. This is a value difference, not formatting. Gesture-driven input is not a fixed-value visual baseline.	9E5FA555-F4F2-4CAA-8C17-2A482548E5D2.png	5785F8A9-BA9E-4EBF-B370-0240B8B31995.png
14	CuadraoGroupDesignUITests/testSampleCardAtLargeTextEnglish()	group-code-large-en-disclosure#0	Generated QR image	QR pixels differ, including copies saved into the photo library and used as crop fixtures. Payload correctness was not tested by this review.	80427119-0470-474A-8C86-716FDAC479E6.png	91EB6305-A6CD-434D-A6F0-8CED4CAEBB74.png
15	CuadraoGroupDesignUITests/testSampleCardNativeSharing()	group-code-artwork-es#0	Generated QR image	QR pixels differ, including copies saved into the photo library and used as crop fixtures. Payload correctness was not tested by this review.	A8707C09-6C95-46DC-9A92-51EC1FF119E1.png	FDAA74E8-E958-4554-A2B7-FCFE2FBA9F21.png
16	CuadraoGroupDesignUITests/testSampleCardSaveImage()	group-code-after-save-image#0	Generated QR image	QR pixels differ, including copies saved into the photo library and used as crop fixtures. Payload correctness was not tested by this review.	5083ECC9-4010-424B-AD97-737264C5B569.png	6B4B5C99-5ECD-4632-83DC-9CCDC03E853B.png
17	CuadraoGroupDesignUITests/testSharedJourneySpanish()	plan-invitation-qr-es#0	Generated QR image	QR pixels differ, including copies saved into the photo library and used as crop fixtures. Payload correctness was not tested by this review.	283505B9-4ACF-49AF-BFC9-BE3FC86F5826.png	BCD365BD-792C-4CD1-94B8-B5B931A41921.png
18	CuadraoHistoryDesignUITests/testRecentsActionsAndRecovery()	recents-menu#0	Minor rendering	No visible content or geometry change at contact-sheet scale; small pixel differences remain.	EC0D4028-6508-4810-8D85-EE1196F7A203.png	2707F8E2-CC6E-4D4F-9CE8-9F389FFD01B2.png
19	CuadraoHistoryDesignUITests/testScanAndEnglishParity()	recents-menu-english#0	Minor rendering	No visible content or geometry change at contact-sheet scale; small pixel differences remain.	016E72E4-9B9D-4D2A-BAA4-202521D477CC.png	13FBFEEE-9AFD-4886-B868-3745A8EB1C0D.png
20	CuadraoHomeChartUITests/testDarkAndLargeEnglish()	distribution-dark-large-en#0	Minor rendering	No visible content or geometry change at contact-sheet scale; small pixel differences remain.	ECF8E245-3327-4B1A-BD04-32EF36569688.png	79F46A78-C45D-4364-B82F-6799E7FC228A.png
21	CuadraoHomeChartUITests/testDarkAndLargeEnglish()	distribution-dark-large-expanded-en#0	Selection or press frame	Selected label, period pill or row press brightness differs; displayed amounts match.	2C790475-2589-4E85-919E-A756ED1B852D.png	AC146DC1-8D10-4915-A855-70574ABF18B6.png
22	CuadraoHomeChartUITests/testDistributionAccountRoundTrip()	distribution-account-return-es#0	Minor rendering	No visible content or geometry change at contact-sheet scale; small pixel differences remain.	6B041717-31D5-43D3-8FF0-D1E15F74AE15.png	FD647C0B-FA7D-499C-BF1F-63F9736DE11D.png
23	CuadraoHomeChartUITests/testExpenseActivityPeriodsAndBreakdown()	activity-distribution-es#0	Selection or press frame	Selected label, period pill or row press brightness differs; displayed amounts match.	77D7FD19-29D1-4B9A-8652-DE4C4A75565E.png	F109594D-C4A8-46EF-B492-A9DA06891EE0.png
24	CuadraoHomeChartUITests/testExpenseActivityPeriodsAndBreakdown()	activity-week-es#0	Minor rendering	No visible content or geometry change at contact-sheet scale; small pixel differences remain.	237B84C1-33B4-4620-B57B-2391470A1746.png	D4214B6D-156F-4B57-8F89-A01FC71E7F37.png
25	CuadraoHomeChartUITests/testExpenseActivityPeriodsAndBreakdown()	activity-year-es#0	Selection or press frame	Selected label, period pill or row press brightness differs; displayed amounts match.	81873B66-9A87-477C-9FA8-DE473F473AE5.png	76FF9D4F-5302-4CBA-9BFD-55341C53D550.png
26	CuadraoHomeChartUITests/testExpenseLargeEnglish()	activity-dark-large-axis-en#0	Scroll or vertical offset	Same visible content at a different vertical offset. Cause is not proven by a still image.	D1CD6A8C-59A5-4863-8EEE-A8E44036FBE1.png	90F71BD1-F61B-4692-AAD9-13C49600A5C9.png
27	CuadraoHomeChartUITests/testExpenseLargeEnglish()	activity-dark-large-en#0	Selection or press frame	Selected label, period pill or row press brightness differs; displayed amounts match.	82958FAE-8A63-44F8-9A93-B87E1897F3F5.png	710BA9E1-CEFE-43C9-AB96-48816DB132B9.png
28	CuadraoHomeChartUITests/testHistoryRangesAndDistribution()	distribution-checking-es#0	Minor rendering	No visible content or geometry change at contact-sheet scale; small pixel differences remain.	ED4CCA89-CEAD-4BD0-B9C4-08D550A6E4EE.png	5CA3F5F2-28DB-4EC7-8A1F-E4985B329D20.png
29	CuadraoHomeChartUITests/testHomeBalanceChartAndSpaces()	quiet-home-household-es#0	Selection or press frame	Selected label, period pill or row press brightness differs; displayed amounts match.	655472B3-3732-495F-A517-373309AA79D7.png	D276CEFE-A8BF-40BD-B7C7-1EA33277049E.png
30	CuadraoHomeChartUITests/testSpendingEmptyAndUnavailable()	story-empty-month-es#0	Minor rendering	No visible content or geometry change at contact-sheet scale; small pixel differences remain.	94C6BCD7-7D38-46C7-840C-793CAFB02A6E.png	58D99685-73A1-4811-AB02-504252223EDF.png
31	CuadraoHomeChartUITests/testSpendingHighlightsLargeEnglish()	story-highlight-dark-large-en#0	Scroll or vertical offset	Same visible content at a different vertical offset. Cause is not proven by a still image.	48E4975D-AD45-4385-96AF-5989B0A7848D.png	43D71777-5ED7-445F-8DFA-DE751E884F2E.png
32	CuadraoPlanCurrencyUITests/testPersonalEuroCreationAndLockEnglish()	amount-personal-focused-en#0	Keyboard or focus frame	Amount/name content is preserved; keyboard, caret or keyboard-related offset differs.	DB425EDD-F7FD-4106-8A39-3FC5E53A87CB.png	ECD0B403-3480-4C70-815B-C82F8859AB96.png
33	CuadraoPlanCurrencyUITests/testPersonalEuroCreationAndLockEnglish()	currency-personal-choice-en#0	Scroll or vertical offset	Same visible content at a different vertical offset. Cause is not proven by a still image.	DE07BAEE-251E-4364-AE2F-CCC5779DF1BE.png	B924C156-CBA7-4CBC-9523-6834ED8AE665.png
34	CuadraoPlanCurrencyUITests/testSharedDollarSplitAndRepaymentSpanish()	currency-group-choice-es#0	Scroll or vertical offset	Same visible content at a different vertical offset. Cause is not proven by a still image.	D808D5B9-E304-42DA-8F3B-800FE1607A80.png	171AAE7F-6F7A-4468-8F0F-AA1037347899.png
35	CuadraoPlanDesignUITests/testCreateMonthlyAndDebtPlans()	plan-new-budget-es#0	Minor rendering	No visible content or geometry change at contact-sheet scale; small pixel differences remain.	B1622F5F-A424-482A-9643-0F553B947086.png	2449BF21-CF80-471C-92E8-F1D0CDD488AA.png
36	CuadraoPlanDesignUITests/testCreationEditingArchiveAndRecovery()	plan-create-es#0	Scroll or vertical offset	Same visible content at a different vertical offset. Cause is not proven by a still image.	C1480A3D-6F07-4B09-B030-C21CD406A970.png	DF031284-62BD-4115-BD10-FD96832A16B3.png
37	CuadraoPlanDesignUITests/testCreationEditingArchiveAndRecovery()	plan-created-es#0	Minor rendering	No visible content or geometry change at contact-sheet scale; small pixel differences remain.	B26F3712-D028-44F3-9F99-F75FBE9A1A35.png	6F54C5EA-EB10-4B64-9884-DADC30E713AA.png
38	CuadraoPlanDesignUITests/testExactAmountsDarkModeAndVoiceContinuity()	plan-with-voice-dark-es#0	Animated voice state	Waveform, glow or tab presentation differs. No new static content loss identified; still images do not prove animation quality.	079B22AF-0438-4E86-8910-16AB0E948F2C.png	6A13D4BB-C64B-4D12-B8C9-2A3830A5B2EF.png
39	CuadraoPlanDesignUITests/testForecastAndGoalPlaygrounds()	plan-forecast-experiment#0	Slider input differs	Daily amount is 350 versus 400; forecast changes with it. Test adjusts a normalized slider, not an exact monetary value.	77213AC2-808D-487A-8290-C7F766541481.png	0BABB9C5-46EC-41D8-88C9-8DF7383EC496.png
40	CuadraoPlanDesignUITests/testForecastAndGoalPlaygrounds()	plan-goal-experiment#0	Scroll or vertical offset	Same visible content at a different vertical offset. Cause is not proven by a still image.	080473D4-FC8B-4AE1-92D7-90F4EB020D74.png	D3AABF75-68D4-4D25-984C-D9428347E0B2.png
41	CuadraoPolishUITests/testAccountCurrencySearch()	currency-search-es#0	Backdrop or sheet frame	Same foreground content with a different underlying Home position or sheet presentation.	AADE29D4-CBC4-4658-A2B4-0AD51CC5ACE4.png	E19BB2E6-BF22-483D-8E0E-5EE622F2FED5.png
42	CuadraoPolishUITests/testHomeNativeSwipeDragAndArchiveRecovery()	home-inline-reorder-es#0	Home scroll behavior	Different resting scroll offset. Prior report measured earlier settling after the same test drag; not claimed to be random noise or pixel parity.	3C607745-0C0C-4D43-924E-FA3AB3DF9635.png	E86A891E-2805-4285-B434-96EACF8164D0.png
43	CuadraoPolishUITests/testHomeNativeSwipeDragAndArchiveRecovery()	home-swipe-archive-es#0	Home scroll behavior	Different resting scroll offset. Prior report measured earlier settling after the same test drag; not claimed to be random noise or pixel parity.	03A0180C-2E86-49B9-87B3-B061438C9494.png	8DA47D0D-8F8E-4236-8D6E-26F3BDA6FC19.png
44	CuadraoPolishUITests/testLargeEnglishAccountManagement()	accounts-dark-large-en#0	Backdrop or sheet frame	Same foreground content with a different underlying Home position or sheet presentation.	1D497AB3-E6C9-4C56-A137-3739F5CF2E47.png	7429CC1D-86E9-4ABE-BD80-36B363E4BB74.png
45	CuadraoPolishUITests/testLargeEnglishAccountManagement()	accounts-dark-large-lower-en#0	Backdrop or sheet frame	Same foreground content with a different underlying Home position or sheet presentation.	76C4DDF3-521F-4F3C-9371-5A4EB505A911.png	535006B6-C590-4998-AF7C-9A1F541FA3B3.png
46	CuadraoProfileFollowupUITests/testPhotoCropCancelPanZoomAndReedit()	profile-crop-reedit-full-source#0	Generated QR image	QR pixels differ, including copies saved into the photo library and used as crop fixtures. Payload correctness was not tested by this review.	8C5C742C-6977-4DDA-AC41-D5C410C75EDA.png	278BA13B-DD8E-45C9-A1D7-BC16A437041D.png
47	CuadraoProfileFollowupUITests/testPhotoCropCancelPanZoomAndReedit()	profile-native-crop-pan-zoom#0	Generated QR image	QR pixels differ, including copies saved into the photo library and used as crop fixtures. Payload correctness was not tested by this review.	642D59B5-1BE7-43F5-B4AB-020BCFF59215.png	2EF91E48-2531-4ED8-8C82-826A6949A748.png
48	CuadraoProfileFollowupUITests/testPhotoPickerSaveCancelAndRemove()	profile-photo-draft#0	Generated QR image	QR pixels differ, including copies saved into the photo library and used as crop fixtures. Payload correctness was not tested by this review.	535979A0-3B34-4439-A710-05B2EF75973A.png	F37B7AA3-5FB4-4541-B674-A5BBC61C1820.png
49	CuadraoReceiptPermissionUITests/testAllowedLocationCanBeRemoved()	receipt-location-added-en#0	Location and clock fixture	Map labels/tiles and time differ. This review did not request live location or contact the phone.	019835B6-6419-4D8E-9645-233CE415A2FD.png	E6F8F3EB-3FCB-4112-A99F-A253F8DCBECC.png
50	CuadraoReceiptUITests/testDirectGroupPickersCancelWithoutDraft()	receipt-native-receipt-file#0	Minor rendering	No visible content or geometry change at contact-sheet scale; small pixel differences remain.	48479170-4D78-4EC4-BA7A-88D466D34BBE.png	F42A2AEB-6CCC-48A1-A8E1-0E412D737AC2.png
51	CuadraoReceiptUITests/testDirectGroupPickersCancelWithoutDraft()	receipt-native-receipt-photos#0	Photo-library fixture	The system picker contains additional saved test images. Photo grid content is not a fixed visual baseline.	1CF090FE-89D3-4484-A56B-44A640A1E512.png	8018BDD5-DBD5-4C19-86D6-9BA011E85C95.png
52	CuadraoReceiptUITests/testExpenseEditsSurviveReceiptCapture()	receipt-native-from-expense#0	Photo-library fixture	The system picker contains additional saved test images. Photo grid content is not a fixed visual baseline.	D62006BA-8F77-4B4E-89C8-8A48C4D27B86.png	29E1767D-A29A-48AA-9641-6D4FB5B5FA4B.png
53	CuadraoReceiptUITests/testGroupReceiptLaterRelaunchItemsAndConfirm()	receipt-confirmed-es#0	Minor rendering	No visible content or geometry change at contact-sheet scale; small pixel differences remain.	88497F0C-6872-48A4-B5ED-ADCB56C97E88.png	6E0D0DF8-6737-41F2-99BF-30D06583470F.png
54	CuadraoReceiptUITests/testGroupReceiptLaterRelaunchItemsAndConfirm()	receipt-shared-items-es#0	Scroll or vertical offset	Same visible content at a different vertical offset. Cause is not proven by a still image.	D65D86BA-7F0A-4CAE-866A-10919B5CA717.png	C72F4700-9F88-4952-AB90-0B6C3DD539E9.png
55	CuadraoReceiptUITests/testPersonalChatReceiptSavedAndConfirmedEnglishDark()	receipt-personal-relaunch-en-dark#0	Scroll or vertical offset	Same visible content at a different vertical offset. Cause is not proven by a still image.	9D4E42F7-9F41-48C3-B975-A7F3E6F587B5.png	FDA08831-96FF-4D0A-A36C-091E00E9C320.png
56	CuadraoReceiptUITests/testPhotoImportKeepsOriginalWithoutInventedItems()	receipt-import-original-en#0	Generated QR image	QR pixels differ, including copies saved into the photo library and used as crop fixtures. Payload correctness was not tested by this review.	AD2B7176-FD5E-4EE1-BCEE-80DDEA36625C.png	7349B4FA-1843-4342-8FF3-8DBAA0AAC1D7.png
57	CuadraoReceiptUITests/testPhotoImportKeepsOriginalWithoutInventedItems()	receipt-saved-currency-later-en#0	Scroll or vertical offset	Same visible content at a different vertical offset. Cause is not proven by a still image.	8838AD9B-D761-41E6-8FB4-FA29C6288AA4.png	A216E5E6-6234-4D12-A81E-AB70BAA7ECEF.png
58	CuadraoReceiptUITests/testReceiptAssignmentNamesRemainVisible()	receipt-assignment-names-es#0	Scroll or vertical offset	Same visible content at a different vertical offset. Cause is not proven by a still image.	B0BCAC21-152D-4E30-99B0-C0102C94D16A.png	743DD12D-D97A-439A-951A-89BD07D21278.png
59	CuadraoSupportUITests/testHomeActivityReturnsToSameRow()	activity-home-return-es#0	Home scroll behavior	Different resting scroll offset. Prior report measured earlier settling after the same test drag; not claimed to be random noise or pixel parity.	FD42A44D-8322-43FE-ABF0-A2D1F3CD8889.png	694728FA-9840-4C8A-B57F-DEC012C0183E.png
60	CuadraoSupportUITests/testProfileDraftSaveCancelAndValidation()	profile-validation-es#0	Keyboard or focus frame	Amount/name content is preserved; keyboard, caret or keyboard-related offset differs.	EB017FFF-51A2-4078-82FF-A01F42601878.png	22E6D17C-0E7F-4B61-A3EB-838DF7985ABB.png
61	CuadraoVoiceDesignUITests/testEnglishVoiceAndLargeText()	english-voice-compact#0	Animated voice state	Waveform, glow or tab presentation differs. No new static content loss identified; still images do not prove animation quality.	E5EE4C80-A4E7-44D3-9EB7-DBC86CDB1E61.png	E8DC33CF-F9B9-4C7E-804F-068945DC6E70.png
62	CuadraoVoiceDesignUITests/testEnglishVoiceAndLargeText()	english-voice-expanded#0	Transition frame	Sheet or navigation transition is at a different position. Static capture does not establish settled-state behavior.	A1BE161C-CD3D-4A7D-8529-34221072B79A.png	908966DF-70E0-47A1-820E-DF92EBACC10E.png
63	CuadraoVoiceDesignUITests/testEnglishVoiceAndLargeText()	locked-english#0	Animated voice state	Waveform, glow or tab presentation differs. No new static content loss identified; still images do not prove animation quality.	088B9927-DBA4-47E8-AA4A-A264D2678973.png	832A4EF1-0DE5-4096-BCDD-77C8C26A316E.png
64	CuadraoVoiceDesignUITests/testEnglishVoiceAndLargeText()	locked-large-text#0	Animated voice state	Waveform, glow or tab presentation differs. No new static content loss identified; still images do not prove animation quality.	15BAAEFE-52C6-4EAB-8CE7-76E9B5EBFE4F.png	EB484110-8A55-41DC-8D08-60EC0B1C81A6.png
65	CuadraoVoiceDesignUITests/testEnglishVoiceAndLargeText()	voice-large-text#0	Animated voice state	Waveform, glow or tab presentation differs. No new static content loss identified; still images do not prove animation quality.	9C9EC9EF-F7ED-4117-AE46-B250F80A227A.png	029A0534-EA47-4CA1-979C-186F0C6AE684.png
66	CuadraoVoiceDesignUITests/testHoldComposerAndWaveformWithoutStartingLiveVoice()	voice-message-released#0	Animated voice state	Waveform, glow or tab presentation differs. No new static content loss identified; still images do not prove animation quality.	E2D2792D-49BD-46BB-9F3B-5BEAE405B292.png	A1D37BFA-0B9A-4D36-BD98-DC6AE2AC54AB.png
67	CuadraoVoiceDesignUITests/testLockedRecordingAndCleanAttachments()	attachments-only#0	Animated voice state	Waveform, glow or tab presentation differs. No new static content loss identified; still images do not prove animation quality.	867E221B-123E-41B3-98A5-F918C028212D.png	6A6C99A8-128A-473A-AACE-1233B78C0688.png
68	CuadraoVoiceDesignUITests/testVoiceProposalHandoffWithoutVoiceSelection()	preferences-without-voice#0	Transition frame	Sheet or navigation transition is at a different position. Static capture does not establish settled-state behavior.	7308CBC0-C18C-428F-80EB-4444E11505AD.png	04E4CE6E-C4A3-40CC-845A-23069EE58739.png
69	CuadraoVoiceDesignUITests/testVoiceProposalHandoffWithoutVoiceSelection()	proposal-in-plan#0	Animated voice state	Waveform, glow or tab presentation differs. No new static content loss identified; still images do not prove animation quality.	09E1569E-8CBB-4744-8C7F-F3931BF42A47.png	BA54E068-DCBD-4680-9356-67A4AC26B269.png
70	FoundationUITests/testAppearancePersistsAcrossRelaunch()	appearance-light#0	Minor rendering	No visible content or geometry change at contact-sheet scale; small pixel differences remain.	DF52355A-10D8-4448-8046-92D48CB64A20.png	3F67760A-C673-497C-8CB9-EA918544A170.png
71	FoundationUITests/testDarkNavigation()	dark-accounts#0	Minor rendering	No visible content or geometry change at contact-sheet scale; small pixel differences remain.	66C30610-DD57-4BEA-836C-866669356F2A.png	31CE17CA-C38A-4CFF-A1C6-EE5E0646C0E5.png
72	FoundationUITests/testDarkNavigation()	dark-argus#0	Minor rendering	No visible content or geometry change at contact-sheet scale; small pixel differences remain.	CE55F60B-4D4D-4582-8637-1C103977B99A.png	67443126-A078-42D7-B1B7-F3612192029B.png
73	FoundationUITests/testDarkNavigation()	dark-home#0	Minor rendering	No visible content or geometry change at contact-sheet scale; small pixel differences remain.	D2505034-F446-4F26-BABC-39A8F2C5ACB1.png	0663D268-F9BF-4DAC-9011-C513CD31B964.png
74	FoundationUITests/testDarkNavigation()	dark-plan#0	Minor rendering	No visible content or geometry change at contact-sheet scale; small pixel differences remain.	773F6586-43E3-4C48-8F81-47DAC69A6410.png	8014885F-BBE4-4CE5-8CA8-CE4365C6C8B4.png
75	FoundationUITests/testDarkNavigation()	dark-search#0	Minor rendering	No visible content or geometry change at contact-sheet scale; small pixel differences remain.	A8FF48BD-CFF4-47BF-AEEA-0A7F95CB1AA4.png	F5D74643-5334-4757-8DD9-608800E0233E.png
76	FoundationUITests/testNavigationAndHeaderReturn()	accounts#0	Minor rendering	No visible content or geometry change at contact-sheet scale; small pixel differences remain.	5186C9F7-0AE9-4E31-B787-35B9C7E3DDAF.png	2AD5D9B7-0F55-421F-9825-972F7512C970.png
77	FoundationUITests/testNavigationAndHeaderReturn()	argus#0	Minor rendering	No visible content or geometry change at contact-sheet scale; small pixel differences remain.	95093B3B-0A37-4959-AEC0-B029A5D3975A.png	8E289E7D-DB79-4BD6-8602-C1594ABFA651.png
78	FoundationUITests/testNavigationAndHeaderReturn()	search#0	Minor rendering	No visible content or geometry change at contact-sheet scale; small pixel differences remain.	D59CE9AC-4A73-4B97-8091-78DCE635183D.png	26EC52F2-EA52-49E0-B6D7-C386A1328D9F.png
79	FoundationUITests/testSpanishLargeTextAndAccessibility()	spanish-large-accounts#0	Minor rendering	No visible content or geometry change at contact-sheet scale; small pixel differences remain.	16D87846-B09D-4A4D-971B-02EE6CF59565.png	FCFA4666-80A4-4977-BC06-CB832FC04E6E.png
80	FoundationUITests/testSpanishLargeTextAndAccessibility()	spanish-large-argus#0	Minor rendering	No visible content or geometry change at contact-sheet scale; small pixel differences remain.	51D5F7EB-0781-484B-A6E5-C29A8F66BFB7.png	90304504-69FE-4C2F-8790-BE1F5FA38B8E.png
81	FoundationUITests/testSpanishLargeTextAndAccessibility()	spanish-large-home#0	Minor rendering	No visible content or geometry change at contact-sheet scale; small pixel differences remain.	1DCA2AFC-93FA-49C0-B9D2-7B3469E45A6E.png	BB4E980A-0C4E-4A0A-905A-2033D3285EA3.png
82	FoundationUITests/testSpanishLargeTextAndAccessibility()	spanish-large-plan#0	Minor rendering	No visible content or geometry change at contact-sheet scale; small pixel differences remain.	25001133-B0AC-495F-B5AF-DE51F61E367C.png	011CA7FE-FE43-4E63-8521-0D074A2C20FA.png
83	FoundationUITests/testSpanishLargeTextAndAccessibility()	spanish-large-search#0	Minor rendering	No visible content or geometry change at contact-sheet scale; small pixel differences remain.	210618DE-2FCC-4640-B6AD-6E72ECD3B10F.png	AD6C6A1D-6C6F-4338-B61F-64F3CA8BEA31.png
84	InvitationsUITests/testABetaInvitationWithoutAServerLinkSharesTheCodeAlone()	personal-invitation-code-only-es-light#0	Clock fixture	Invitation expiry time differs by run time; same date/code structure and layout.	C1F19BDD-9DD5-41EC-B5CA-F9E0951D6BE5.png	C74CFE3B-5CE3-4D14-B209-4DA54A016A84.png
85	ReleaseUIJourneyTests/testAvatarSaveCancelAndDefaultIcon()	theme-tab-unframed-es#0	Minor rendering	No visible content or geometry change at contact-sheet scale; small pixel differences remain.	4CE98DC4-766C-4354-8DF1-191D70D24BC0.png	C4173E6B-885C-414B-B808-68906D296564.png
86	ReleaseUIJourneyTests/testDeletionCodeResendClearsOldCode()	verification-cancelled-en#0	Minor rendering	No visible content or geometry change at contact-sheet scale; small pixel differences remain.	82DEC9A6-A2A0-4817-B81B-D451CE6ECCFD.png	C1C3750D-5EA6-44A0-B949-49E7C9488A40.png
87	ReleaseUIJourneyTests/testFullPreviewSharesProfileAvatarWithNavigation()	full-profile-theme-es#0	Minor rendering	No visible content or geometry change at contact-sheet scale; small pixel differences remain.	E6D00F20-2D5C-4741-9AD0-6DADDDF5E3E7.png	27E85F69-E715-4F69-9D61-78F7D4647DDC.png
88	ReleaseUIJourneyTests/testInvitationProminentLabelsLightAndDark()	invitation-group-link-dark-es#0	Clock fixture	Invitation expiry time differs by run time; same date/code structure and layout.	F0CB3944-DD19-4161-A4E2-74CB36172834.png	C91D6C4A-4654-43BC-8BFD-AEE65D6EAE3A.png
89	ReleaseUIJourneyTests/testInvitationProminentLabelsLightAndDark()	invitation-group-link-light-es#0	Clock fixture	Invitation expiry time differs by run time; same date/code structure and layout.	3C2FA690-C11F-420A-AF96-62DC009383A0.png	3FC23C30-AAAC-49A7-96E1-57AD1612B1FD.png
90	ReleaseUIJourneyTests/testPhotoCropAndTabAvatarInDarkAppearance()	photo-crop-dark-en#0	Generated QR image	QR pixels differ, including copies saved into the photo library and used as crop fixtures. Payload correctness was not tested by this review.	575CE13F-CF5A-4170-AF02-C0615DAE8409.png	B824A506-2FA1-4530-A5CD-251E290869F5.png
91	ReleaseUIJourneyTests/testPhotoCropAndTabAvatarInDarkAppearance()	photo-tab-dark-en#0	Generated QR image	QR pixels differ, including copies saved into the photo library and used as crop fixtures. Payload correctness was not tested by this review.	5EE04C6C-D003-48E2-8F5F-5F4635768E34.png	8E3A852B-9913-42A9-99E3-006FD876FEE5.png
92	ReleaseUIJourneyTests/testSocialCancellationAndNameRecovery()	social-name-en#0	Loading frame	Spinner phase differs; same sign-in name and saving state.	065484EF-680B-47B4-A992-0E4886AD9F36.png	279E14A0-3258-4A97-804A-E7419B8E0902.png
