id	side	file	sha256
1	old	2A59014E-A0E3-4521-807F-DE9D62C7518E.png	feecb317a24da46a3d56c2427969662489cc3a1480c2c95f4c898d6df3369dc9
1	new	614852BC-4BD5-4E20-8810-1618401C7B15.png	0f95b954b1bb171d3d755ac286073aa1f09f1be864bdd1d762c61edd6ce57630
2	old	1C51101A-F2D3-4FE5-9932-0DF4ACE625BB.png	6ea8c3fc29c94f763855fd927205043aba933fbc81720d5ba04b8ae1dedf5d68
2	new	3F99B398-0E39-43E9-9972-DE0C582E0852.png	5c5f3791241cea4a6b0e6947513bf75288b48a512dee61754dd6f4c013657116
3	old	57B161DB-83E0-4CE6-8C1E-A9A2DC01EE47.png	b39506dbead50ba93151579748dd129d75a78820e8028383f1ebb07715ac258b
3	new	AF7C42E6-BCB9-4CFD-84F8-6185AAAE91C2.png	db93f5887829983adcd8e0e10af78559dfe7fd6568d863e0e8d8c7222455bec1
4	old	9873091E-6FFB-4239-991B-405359800E48.png	371e777ae03ba9a7b1d3cf86714fdd57c62189a7ca8d9489ee1ec105c02087f4
4	new	A5E40869-06F6-4707-AFB3-3156A7E85B21.png	edbd49e6cd1e0b392933981f99495d10d673e322cbdde1f5501737fe28b3c305
5	old	488C90C4-CBF3-4C38-8DCA-ADA10800F5B3.png	371e777ae03ba9a7b1d3cf86714fdd57c62189a7ca8d9489ee1ec105c02087f4
5	new	5BD3A612-2593-4864-8683-18434179832A.png	edbd49e6cd1e0b392933981f99495d10d673e322cbdde1f5501737fe28b3c305
6	old	E5854177-8AFC-4518-9740-F41F106AB1E0.png	23b089b1a06383526e1df6839a044a52b8f523159ad29ef17770e26c76287715
6	new	CB24A90A-5E03-4F4A-8624-217FA34984E2.png	23978352c707c0683011a14c781b5ae3885168d6137c52da1db05270f50bd0a4
7	old	ACF1FAC8-F76A-41DB-85FB-7C1A5E39BFB0.png	a168902ed004f176cb8a5905a385475354e3f4b08d56f89af50451cdd0f4e800
7	new	3C57372F-7EAE-4562-B55E-BE4E935A45D5.png	a4a3f205986270ca98fb772704bd586242a50fb2d3bbf3760abbc5762966f829
8	old	A976549F-38A0-4A57-B789-D944C222A4A2.png	5622c8b6be48c77a4267b6ff59024428e4924f5f8b56e2ef2854d7d68a7e0fde
8	new	A441BB2B-4C94-4007-BFCC-D45846E3B8D5.png	935e2e1e203d5dc58d5726962eb4a509916cf78dd9069e409c25cc62916a66a8
9	old	043AC935-C143-4E07-8AAA-C8FE0393308F.png	8ab03af7ac5bb3d5ef44a6c941a12fb700493661b30180dfb1293a2225acb401
9	new	CEAA986B-CBA0-4566-85EE-4CFC80EDAFF0.png	a792dcb13bc2fada979bb369b7e844a92ba2bf49f0ce4238bb0527df54b39f62
10	old	B1349372-F3E8-4E39-977F-9E8FFE7C7937.png	3b3ed0bfe8b95cba37b6b66e4750999eff313ea52097026c84dc2f3478776ad3
10	new	BAE298FE-3962-46A6-8A19-69455EB1F7CC.png	960c276ce741ec08695385241c09569c510ee0c50b3af8131543b24914966b93
11	old	47F6B42C-9C58-43D5-93E1-8FEE1D256BA0.png	c4721a3089786956b6d3fac45297a0d8579fc99993d161b05be391efb4556a27
11	new	B384A72A-5CE6-4D6F-AEC9-69DEF7EE9921.png	4711e5dd5abfef302fcdc0c092126ca11db4920e7d033045f1f285108c407592
12	old	BF3705EB-4458-4985-91A3-071991636F14.png	c7fd6c56bac11d040a11574ae54293fad28c0f5aa496e22c0f45c9cfe569ca08
12	new	730D3F3A-A7F1-49FD-B37E-9631285C6CE9.png	daf773ffcec46d7422d0fe5f23fd8c56d4ef49d976265a7d690b5cac616dea43
13	old	9E5FA555-F4F2-4CAA-8C17-2A482548E5D2.png	8875b5a48f34ca5b9b01a218a7c9f8cf5328646fa266638e6b38d24641b1b56c
13	new	5785F8A9-BA9E-4EBF-B370-0240B8B31995.png	ed04aca277b214b9afafcc0557303ca00ec9c0925a12f331debfeab098ff8708
14	old	80427119-0470-474A-8C86-716FDAC479E6.png	ffd6240b1f95d34f8a5fffc419245a8dc67d91c374ca99b65ee30f82008e598e
14	new	91EB6305-A6CD-434D-A6F0-8CED4CAEBB74.png	e09439c36da0e7b7c66eee00e16ec8fa0670fd4884fbfa5ed4e28f5ae8365ab4
15	old	A8707C09-6C95-46DC-9A92-51EC1FF119E1.png	edc3704cddbe01f2234bf5b680e719dcc7cf72d7777091c552e7df3ff852c4e2
15	new	FDAA74E8-E958-4554-A2B7-FCFE2FBA9F21.png	82d4fb4910998464ff89319509a8be5ba1aa0f14c7d682e60a5c080615619b75
16	old	5083ECC9-4010-424B-AD97-737264C5B569.png	45219562c9493cadedf9ac8f1ce5811611b98a5d310f8903232045f0386b50a0
16	new	6B4B5C99-5ECD-4632-83DC-9CCDC03E853B.png	77c03df65494c27b9fdb16669e47204d424deaebfd1ca1e6d915eda9688df8b4
17	old	283505B9-4ACF-49AF-BFC9-BE3FC86F5826.png	f8afcaad27c006709e632c22b8272e29986d4231e6053cdf410684ba466502f0
17	new	BCD365BD-792C-4CD1-94B8-B5B931A41921.png	39216130becd67daba86b5f64f4fe43e13d1a086b5f3c16601360df77d4d6e71
18	old	EC0D4028-6508-4810-8D85-EE1196F7A203.png	a54a8ebd9d41bbf803f46d98f190109ddfefde26b80956b157f351fb9c9e8884
18	new	2707F8E2-CC6E-4D4F-9CE8-9F389FFD01B2.png	9cc88c98c3fac729e86c46fb16b83317202e7038c37f45992a775172bce752ce
19	old	016E72E4-9B9D-4D2A-BAA4-202521D477CC.png	a50f5f7b014d897d8134e187a7ec94d46abc7cf3885ec60d99943c2182795aaf
19	new	13FBFEEE-9AFD-4886-B868-3745A8EB1C0D.png	5266736b0c3b1c26992057c00cb5bf78ea1f2dc15d32733977c41120f993f980
20	old	ECF8E245-3327-4B1A-BD04-32EF36569688.png	95b1b302b34ce1ba688fafcb9580278b523c3a4b4df189442c673c1f69464cd6
20	new	79F46A78-C45D-4364-B82F-6799E7FC228A.png	fe490e0d8dfc43347719ff631e418d79cc2f74f17fc3fd1de3eb29ed70cc07a6
21	old	2C790475-2589-4E85-919E-A756ED1B852D.png	ea28fc73b0bbb54ff993aacc41bcb5a6b3005783099500b9966c3753d471ee95
21	new	AC146DC1-8D10-4915-A855-70574ABF18B6.png	7ba303816a20912d4c018424429c8b56e566b2521f223dea99e076b9078f3f7d
22	old	6B041717-31D5-43D3-8FF0-D1E15F74AE15.png	1b91a8074c8d5147c6453558cb884f6f95d8492f525dd84119c14e1d1799f6a8
22	new	FD647C0B-FA7D-499C-BF1F-63F9736DE11D.png	45b08c9c3b3a36fd474d894a17f74429d339c7f15bdbe70d4e062e22e9fce225
23	old	77D7FD19-29D1-4B9A-8652-DE4C4A75565E.png	e4d5e48a14af47fdec99c37482048cce345a380624e59fcf65b86b830070b28a
23	new	F109594D-C4A8-46EF-B492-A9DA06891EE0.png	0594dfc89719f2deb3fbb7f75a12c1105dfc6e15fb8d9f416b2ee76fc4d861f7
24	old	237B84C1-33B4-4620-B57B-2391470A1746.png	22f05893f8c0680196f8717b3973de2aa09987cc640a2e4b445c98ce1d2e86ed
24	new	D4214B6D-156F-4B57-8F89-A01FC71E7F37.png	83fc52fb8632ee8a7242ae44ac0efd6899f977b32f6c98c0b7f8ddb84c78926e
25	old	81873B66-9A87-477C-9FA8-DE473F473AE5.png	5f48dd1f9d0a070d8181f11d1d0c97d2b7eb4d4a6484ccb21a863aec7293b79d
25	new	76FF9D4F-5302-4CBA-9BFD-55341C53D550.png	b36b955d81ea3cf1f76b0b50afd7e98b8e1478b0e025028a148ca80e555bbd75
26	old	D1CD6A8C-59A5-4863-8EEE-A8E44036FBE1.png	d4dae3071c08c4c86882c7d810ec3e4cc26a1bacc13784c82243e2263867c1b1
26	new	90F71BD1-F61B-4692-AAD9-13C49600A5C9.png	8dc97c65a4625f1d39241a61f2f37ffc92d4a8466660a055fbe0af457f190a59
27	old	82958FAE-8A63-44F8-9A93-B87E1897F3F5.png	d2bf987636c260dfbe3b9cd6eb07f38112e5bf25ab8fcad5c5b8888d4292b45d
27	new	710BA9E1-CEFE-43C9-AB96-48816DB132B9.png	9127aed1cb98e0ba2bce9da11780bf250feba543770c482436455661de88c00f
28	old	ED4CCA89-CEAD-4BD0-B9C4-08D550A6E4EE.png	bda47313f5bd51c12b50ca3fbf09e1d766b0bbd59d4b18129ad83b8d046e3025
28	new	5CA3F5F2-28DB-4EC7-8A1F-E4985B329D20.png	edcf9edad79efb80c2cabfdffceecfd2e2253865ff497024a2d6d54c4176ecf8
29	old	655472B3-3732-495F-A517-373309AA79D7.png	93548c315fc8e75029cf594399cfe056b25bfdc09d77390174522a3253c95671
29	new	D276CEFE-A8BF-40BD-B7C7-1EA33277049E.png	53b953c245f7615ab718ff65606b5b300a4b00a5b79848054dc7244ae59db84b
30	old	94C6BCD7-7D38-46C7-840C-793CAFB02A6E.png	5e7b96a8cfd13b7224cfea6ad08c2394e31e0a922ef8350caccbfd52def0c54b
30	new	58D99685-73A1-4811-AB02-504252223EDF.png	413fcd2a5ea7fa6a8b6cadf93c31b70985733b88ea1954638adaf062d6d04f1f
31	old	48E4975D-AD45-4385-96AF-5989B0A7848D.png	c638fa1daacd9c4b979a0cba819cfcf521261ce6152350442fb6034f436ce146
31	new	43D71777-5ED7-445F-8DFA-DE751E884F2E.png	bc2ade7439b846905330d2e67169e14ac92dcc5290676541b02975bfa1cbcb4e
32	old	DB425EDD-F7FD-4106-8A39-3FC5E53A87CB.png	d41fbfe11603847871e3bd612c04d6f3b2ff7b91792a463abc4675fcdb3cbe09
32	new	ECD0B403-3480-4C70-815B-C82F8859AB96.png	cef7231a034d0a3499ebc435877937b6883373708065a2823bb6648d30650e0f
33	old	DE07BAEE-251E-4364-AE2F-CCC5779DF1BE.png	89b65032190ecff3160a7fd7011b9766ebc38afc826a221a5f949c108567ca52
33	new	B924C156-CBA7-4CBC-9523-6834ED8AE665.png	dbe77ac31c387289bc619cf5c57638cd167a9b8a8ba80b38d7e113a32c117a1a
34	old	D808D5B9-E304-42DA-8F3B-800FE1607A80.png	8d14ab0516af4f4ed7f7886dea22202cc073dd63fd60ea26815121311533e3e3
34	new	171AAE7F-6F7A-4468-8F0F-AA1037347899.png	6b24c8680ce38e02c3e28624c92ff480501c0b4d53a7bef9b8b732efd2d7f106
35	old	B1622F5F-A424-482A-9643-0F553B947086.png	95ffa41f2c493cda07ac2b381e237d705d52533cb1053863a89a2816ad5ab8d1
35	new	2449BF21-CF80-471C-92E8-F1D0CDD488AA.png	eed59f5ccb1c175eb0aaaf5545d040b2352ba0b874ce0fe71a65e338f7eeab0a
36	old	C1480A3D-6F07-4B09-B030-C21CD406A970.png	a632a81b911d3e60e8047069b94dfb6a3c5fae79011d9d347019d6dba32912df
36	new	DF031284-62BD-4115-BD10-FD96832A16B3.png	dcbcf702bf651097b5a3943ea657a084d655166986b96841d87e3b3e0a4a5019
37	old	B26F3712-D028-44F3-9F99-F75FBE9A1A35.png	ebac40a862b688bdcb02665f75e06eda9036ab76a159e1b03eb1d2292cb6d088
37	new	6F54C5EA-EB10-4B64-9884-DADC30E713AA.png	0f2abaa8d709ab0ca8b2254e9ab05a2c958e42c559c473df46647d4543c494da
38	old	079B22AF-0438-4E86-8910-16AB0E948F2C.png	aaf3ea12b526a6a0f3700ebee8a258e5243d1208b8d512ab8c7a87da1ebbf81d
38	new	6A13D4BB-C64B-4D12-B8C9-2A3830A5B2EF.png	b854879793e10c792de4e12cec89276c96ee0f176dc701dee68843645f955271
39	old	77213AC2-808D-487A-8290-C7F766541481.png	e6a5853639a574b8b05adebbc1714b40cc08308f66350fc6d42c00de952283ae
39	new	0BABB9C5-46EC-41D8-88C9-8DF7383EC496.png	ccd01ed22771af397adc6a5b4a005724bfff4c5b47b369bcbfdf5b4845d8cb69
40	old	080473D4-FC8B-4AE1-92D7-90F4EB020D74.png	28c8f6e3492d6ce604e9bcc49558af2928495c40b18e19efd44be8cada693ede
40	new	D3AABF75-68D4-4D25-984C-D9428347E0B2.png	5a48e9b124ce0f0b8ce474e7a8f31e8204544e56f087f4d760516cedffa6f739
41	old	AADE29D4-CBC4-4658-A2B4-0AD51CC5ACE4.png	d61b2add9dd3a99afde42cdd05036d5f8b327493a325f97cf0b77eb7998059a4
41	new	E19BB2E6-BF22-483D-8E0E-5EE622F2FED5.png	00663925a52199021cd586769f25ddff21ebc107535f059df2830b529b093754
42	old	3C607745-0C0C-4D43-924E-FA3AB3DF9635.png	d305a065889009325f54106f4ff9aed5d196bf18c592eb2a8a1b08eb485ec79c
42	new	E86A891E-2805-4285-B434-96EACF8164D0.png	9d15fe7abd93624b979d392b9a94d1831eed12679be75289b3e4e8fd49e3358b
43	old	03A0180C-2E86-49B9-87B3-B061438C9494.png	9c1dd0ba1d3a75206ad71c92ef33b406045fb6a5dba549155e5a112acc4af0a4
43	new	8DA47D0D-8F8E-4236-8D6E-26F3BDA6FC19.png	2f64ec0e5315ee6616187c2cc63e21887319535f172eb0f98048e53937b4793c
44	old	1D497AB3-E6C9-4C56-A137-3739F5CF2E47.png	f44dd1509867e6749ae1d54cad70606f38fbabf9ce1b4b2fce04139f42f6414d
44	new	7429CC1D-86E9-4ABE-BD80-36B363E4BB74.png	8a076a34298a4f95647e5d5fda92094333b8930b564d5069cc9d5f5996134dbb
45	old	76C4DDF3-521F-4F3C-9371-5A4EB505A911.png	46dea756726ed3186a5aee9cb25e36e9e91ff3c91678dfc0ce9408640bf8a373
45	new	535006B6-C590-4998-AF7C-9A1F541FA3B3.png	f2610ca8c6e0be8c5964eb16ef4f9c7493b0712c996314a5e1ea3ff062c3e5d6
46	old	8C5C742C-6977-4DDA-AC41-D5C410C75EDA.png	9b230f15320018ee4d3e65454e348f475b0c06a5de36a1a2b4aa23bf43a34ece
46	new	278BA13B-DD8E-45C9-A1D7-BC16A437041D.png	284c7f7f18ee21e1b792e586f6757bd6c2f614f74294a0ee3db8c77c679b90a8
47	old	642D59B5-1BE7-43F5-B4AB-020BCFF59215.png	66930aad85bb8c33d0bbb367ac825e901212e23087c0d044731ba4ab6e1fddb0
47	new	2EF91E48-2531-4ED8-8C82-826A6949A748.png	1abce592a2312f68febec95d0e973f8ec1643ac816273e9ed65793f152861321
48	old	535979A0-3B34-4439-A710-05B2EF75973A.png	0be1367aa6ca9cccfcddb33ef3bef68a29db2844284decfa9076ae183cc70928
48	new	F37B7AA3-5FB4-4541-B674-A5BBC61C1820.png	54dbb53c896f9dda512ed35ff7012028d624e28533d327bc95059e1cb1cd8ff4
49	old	019835B6-6419-4D8E-9645-233CE415A2FD.png	bc4c02437f3c25995edf34b1b68a6130fa0644bd45ef25e9f1bb3a0479818afd
49	new	E6F8F3EB-3FCB-4112-A99F-A253F8DCBECC.png	d9d0a4990975298373adfa33faad6cba78747fd58bd84a8bd315720cc630d6b4
50	old	48479170-4D78-4EC4-BA7A-88D466D34BBE.png	ac5277aeee214ca8019ea2d9a48a5194c0fbdd9b9b09bf2ab9183088704cfaed
50	new	F42A2AEB-6CCC-48A1-A8E1-0E412D737AC2.png	c72b56089e2bb3698b4a23401c69bdf15efce166366d2ae7b0ea0817ddf40b17
51	old	1CF090FE-89D3-4484-A56B-44A640A1E512.png	d752f4b3d4422d59239bf6647497fa770cc34417b357f000eb6c6c307efe7b68
51	new	8018BDD5-DBD5-4C19-86D6-9BA011E85C95.png	faab36fd4affce4035298ae0e5894c1bb622c75d3305bd8aac9b8c3a3f247769
52	old	D62006BA-8F77-4B4E-89C8-8A48C4D27B86.png	d752f4b3d4422d59239bf6647497fa770cc34417b357f000eb6c6c307efe7b68
52	new	29E1767D-A29A-48AA-9641-6D4FB5B5FA4B.png	faab36fd4affce4035298ae0e5894c1bb622c75d3305bd8aac9b8c3a3f247769
53	old	88497F0C-6872-48A4-B5ED-ADCB56C97E88.png	f89a9ad97079a18071986ffbadf6f57ff52514d7bbfc0c9e0bcfd1e71a262b40
53	new	6E0D0DF8-6737-41F2-99BF-30D06583470F.png	8ca37a53d4ca6a4a96c60e206f81088a6e473142410275b5ee9ee88e3b2ed0e7
54	old	D65D86BA-7F0A-4CAE-866A-10919B5CA717.png	c36fe8504759ee0f6717b37878bca15bf292e38ac4cfdaa08593c9fd239208e8
54	new	C72F4700-9F88-4952-AB90-0B6C3DD539E9.png	bed1465c3567bded4873445677056e93c2bcb007ff88d777c20a18e4e056e16f
55	old	9D4E42F7-9F41-48C3-B975-A7F3E6F587B5.png	fafc8fdbde4a8eb01c442e52659f71d7862c220c33c119c81335446c56151aad
55	new	FDA08831-96FF-4D0A-A36C-091E00E9C320.png	239fd2891a810ab539fbb0ab50ee6bed0b5e1ef1bca8e578e1d4f7936d9ab521
56	old	AD2B7176-FD5E-4EE1-BCEE-80DDEA36625C.png	87ae3110eca5812c3325fb5a366603ad536fb86ccc1bd2d9fe67d4b3f1a1dc95
56	new	7349B4FA-1843-4342-8FF3-8DBAA0AAC1D7.png	6cb07d7c13257b055c82aca8719a0f2df53bff082d5c22d568da25399cbf4cec
57	old	8838AD9B-D761-41E6-8FB4-FA29C6288AA4.png	31fe053f50b5809e93118f47f757ca314a44628de70f69d226cd81e104a8e98b
57	new	A216E5E6-6234-4D12-A81E-AB70BAA7ECEF.png	4bdefda5941577deb907761cf52e76694b376a8c419bbd3a472204c2152aeb08
58	old	B0BCAC21-152D-4E30-99B0-C0102C94D16A.png	63084384a5d8368af4edbc94ee88377e179623673ae90fee25571ac4dee2df1e
58	new	743DD12D-D97A-439A-951A-89BD07D21278.png	fa67cefe60dcc86c87658e452c2539e6dba8c0fb4f7324d835a446f684e27e5e
59	old	FD42A44D-8322-43FE-ABF0-A2D1F3CD8889.png	a55974ee44143a6f625583fe13bab84494f75bba756a03c203a02517c5f73cb7
59	new	694728FA-9840-4C8A-B57F-DEC012C0183E.png	71529c00b164559ac5f7e9786f2b04e5b22375592eac29bf47f1c0a9aa26ca33
60	old	EB017FFF-51A2-4078-82FF-A01F42601878.png	96c52f5b1cdded3ec78e089174b7ac332e3f5c6c5b38495588ec10c34da25f53
60	new	22E6D17C-0E7F-4B61-A3EB-838DF7985ABB.png	9eb66577e435a21b9342c9378e6527d34b76ed7485a02cb44c12180e8184f098
61	old	E5EE4C80-A4E7-44D3-9EB7-DBC86CDB1E61.png	f21fbe0baf9dc2eaa4cbaea57f781eaddcd8e600fbbfb174a284c2d9de71b18d
61	new	E8DC33CF-F9B9-4C7E-804F-068945DC6E70.png	d6871d3c0de214c873533bacc0dd6981b96c6775e3dc80eaa7bc58337f73304d
62	old	A1BE161C-CD3D-4A7D-8529-34221072B79A.png	1ae5bfdf21d47631fb0cae35581731980a90a33d5c117232df7b5ee6df2f0103
62	new	908966DF-70E0-47A1-820E-DF92EBACC10E.png	2e9afe7bb96aa15ec1d42ee0e63fe84d6eab02bffa1d6ff5a05b0f3561cb87d0
63	old	088B9927-DBA4-47E8-AA4A-A264D2678973.png	ca908ed2970f48f8c12db89048934da82d2cc89a2451c0ef4c10a8ad3828e020
63	new	832A4EF1-0DE5-4096-BCDD-77C8C26A316E.png	962ba50bcdc5fe488a7ed1afc15b2d6c892a369dc4ed76542b4231bb27688c75
64	old	15BAAEFE-52C6-4EAB-8CE7-76E9B5EBFE4F.png	d7a702d938f155b411a0154af41880936c01bbb08f00e45a4c3e4c7a47b99f8e
64	new	EB484110-8A55-41DC-8D08-60EC0B1C81A6.png	23fe41d5f2d5972312d1b295a237f81af7613201299afa2338d829a9bf3ec109
65	old	9C9EC9EF-F7ED-4117-AE46-B250F80A227A.png	68486609b10dddf13e326a15e773e28f3e8a8497b6decd0b1ee6eda61c0bee12
65	new	029A0534-EA47-4CA1-979C-186F0C6AE684.png	cb969120b06601208226bacd25272ffa5e2b4143f02d547009cd5c0ea1157929
66	old	E2D2792D-49BD-46BB-9F3B-5BEAE405B292.png	7afc200bc6780971713c97cd72750b7457349a9c676551ba32a13f468cee66bd
66	new	A1D37BFA-0B9A-4D36-BD98-DC6AE2AC54AB.png	c441441a0f98ae37562ab20dd68f17353a6b8b8cdee6d956b53a574cbb39c5bc
67	old	867E221B-123E-41B3-98A5-F918C028212D.png	cac836c6a87206ed00c193b43b1ee2c82cbd3bdc3d7f0241332785676b432d00
67	new	6A6C99A8-128A-473A-AACE-1233B78C0688.png	2a7eb89118c658a393c494ab08b7fa54457aeb7bf39c693344a5eb42d761be03
68	old	7308CBC0-C18C-428F-80EB-4444E11505AD.png	bfed547152c68c745aa2a0f82fc1b724db8ff13a03ccab9c76947ebac0a013cb
68	new	04E4CE6E-C4A3-40CC-845A-23069EE58739.png	b27c16f5ec293c555f15f23c6773135cb329e37052644f9bdfdf34d7b31ef6a1
69	old	09E1569E-8CBB-4744-8C7F-F3931BF42A47.png	9bfb31b173903e0e6002c7f0f0d003fafc5fda86dab6bcf22d7b26337a26f71a
69	new	BA54E068-DCBD-4680-9356-67A4AC26B269.png	6673ff6b0c4e3bbdba3246fb6cbace1c37277abfe537c65f820d1f82554031bd
70	old	DF52355A-10D8-4448-8046-92D48CB64A20.png	1ddeb2f324541bc37cbda0ce00f0724244c568a882dc132b2adebb236d7328a9
70	new	3F67760A-C673-497C-8CB9-EA918544A170.png	b4470c84c65766bd4cd1c554ce24202b7306d82da60a4d4d2cc59e885ef5efc3
71	old	66C30610-DD57-4BEA-836C-866669356F2A.png	61c69581239c86da636abc2627235b587596b3e24d7a04a15ead4697dc0f2419
71	new	31CE17CA-C38A-4CFF-A1C6-EE5E0646C0E5.png	6c740624e2427b20b0dc9948630996c77af3350ce7bb70c4e810f7a992e92116
72	old	CE55F60B-4D4D-4582-8637-1C103977B99A.png	d643f37edcb98d5fd775ddec72ab58851c3c8ad05a275444d43df0197b6171ad
72	new	67443126-A078-42D7-B1B7-F3612192029B.png	2e3dd6ec037337eb9b724295f0b4734613f1f49890aaabb2ba6e9e7ca12c87df
73	old	D2505034-F446-4F26-BABC-39A8F2C5ACB1.png	6b5942b53feea7e388061208f9a50a3a711eb7273b095899ba27a4bde7dc85ec
73	new	0663D268-F9BF-4DAC-9011-C513CD31B964.png	a8dc95a232b86ba30aad0d72e145207910c3bcb7fa50deb1202f975070ce221c
74	old	773F6586-43E3-4C48-8F81-47DAC69A6410.png	2f359d7532051d2330c53ed45c0695e068387a8d0a89a6a017e1ddaf91cf0a9a
74	new	8014885F-BBE4-4CE5-8CA8-CE4365C6C8B4.png	aaa5b5110c2c4ac7c228c401d054c817d85dae0dd1645bbf2dae020d18170d68
75	old	A8FF48BD-CFF4-47BF-AEEA-0A7F95CB1AA4.png	d24eff4132b29f4c14d73da947d93c3df6a5fc3ae7c20fe98bc28abef73519b3
75	new	F5D74643-5334-4757-8DD9-608800E0233E.png	b16f019e597534d8e9a94ef02d5454039c46fc3373170479b5ef36ad1375e7ea
76	old	5186C9F7-0AE9-4E31-B787-35B9C7E3DDAF.png	a6791886f491260c8512ba522dd3d991e9bf9f55a0659c0f7a96c0cf627404e5
76	new	2AD5D9B7-0F55-421F-9825-972F7512C970.png	c4c6d29a19f47f18b6f153552bff0e5bf83e210ae745a83a4b9f1d4915c913b8
77	old	95093B3B-0A37-4959-AEC0-B029A5D3975A.png	02e4e4e6a032e95589944c862a7326b81487f93ddf49e3e8afd7055726e1892d
77	new	8E289E7D-DB79-4BD6-8602-C1594ABFA651.png	4bc884fb10c5407f18830c41aaff76a6a50b7ce0c865b190b7db99874e7d15f0
78	old	D59CE9AC-4A73-4B97-8091-78DCE635183D.png	7ce12c17ccf0b52298f5604f7c28957eef23217f93ae47c4cdff4265413e0576
78	new	26EC52F2-EA52-49E0-B6D7-C386A1328D9F.png	6c6b34c34022158ce2108a4642a5833e4fd32c0ffd094c85b371add90228881c
79	old	16D87846-B09D-4A4D-971B-02EE6CF59565.png	3c4edd12e79044dc2372b2b4d98d6c85cf8131cec689765d83f581e8ee773cce
79	new	FCFA4666-80A4-4977-BC06-CB832FC04E6E.png	7ba69bf759670336e0317d356d0812e63dec7169a6afff6c74d14fa67ed1f786
80	old	51D5F7EB-0781-484B-A6E5-C29A8F66BFB7.png	02a27bb790374748c8ee4e18af1252a83c4be76976abeac9e4f6df16ba9145c6
80	new	90304504-69FE-4C2F-8790-BE1F5FA38B8E.png	b71fe98d2a53bedfbfde8554f4e369af468063bb8919410c7fbda5315f266aa5
81	old	1DCA2AFC-93FA-49C0-B9D2-7B3469E45A6E.png	ceff00bbcec0a584dbc0006336653c809c165e00676ad9aca0e65cd802a40aab
81	new	BB4E980A-0C4E-4A0A-905A-2033D3285EA3.png	a63d81972dd93d681e7406a7220d6ed23c4489d4b551c6601012153e2079c3e1
82	old	25001133-B0AC-495F-B5AF-DE51F61E367C.png	07a633c3388f173be82364a87d1b1cc3cd1df5d12e0ae50619f1fa190e8470ae
82	new	011CA7FE-FE43-4E63-8521-0D074A2C20FA.png	cf6d49755874ee3b884fec679b7dcc0f7b8b0fefd828ea0a4ee9d3e6fb13bac9
83	old	210618DE-2FCC-4640-B6AD-6E72ECD3B10F.png	8156ab260cc2fbef5f13e601356b81fd37f1da3237d14e2e1ad01b3031ebaab0
83	new	AD6C6A1D-6C6F-4338-B61F-64F3CA8BEA31.png	64d5e436e105ec8700b15e181a88961e57204e21ec42d9919e3c23162d3c43cf
84	old	C1F19BDD-9DD5-41EC-B5CA-F9E0951D6BE5.png	a6a4759a4fee761b147a9810f119b62b822c9defc9c16d5e7eddaf1efb000072
84	new	C74CFE3B-5CE3-4D14-B209-4DA54A016A84.png	bf672e7298b65cf654c3b317e758b71e14a9fbbcb212db78b3a4acf259838046
85	old	4CE98DC4-766C-4354-8DF1-191D70D24BC0.png	55049512aac04078edd7124e14c55c1d8145bbedd6826b72e2ae7022981d3a72
85	new	C4173E6B-885C-414B-B808-68906D296564.png	90068bf747d015f4010ebd502ecba23375f6d5ab4c1c1bd9f8a087506f31399e
86	old	82DEC9A6-A2A0-4817-B81B-D451CE6ECCFD.png	b0c1763feac73ea7561f991339dc68e93e20329fecadf7154216ec8f972c35f4
86	new	C1C3750D-5EA6-44A0-B949-49E7C9488A40.png	fdf8d8c2f9e275ca1d52979e5441ae76cefaee4d5eb36fcfaf79e5aa8e71ba89
87	old	E6D00F20-2D5C-4741-9AD0-6DADDDF5E3E7.png	77eeb4460790b048a277751c752d2dc2623433bd06225608ddd2d41291355968
87	new	27E85F69-E715-4F69-9D61-78F7D4647DDC.png	9cfa497c6eebced863d24cb0782212724790826808de2e5d57be7ef2456e1b9f
88	old	F0CB3944-DD19-4161-A4E2-74CB36172834.png	bc734cc6acf838470c60aae831d79d35d4d105a779a2b3dc679a140f0473709d
88	new	C91D6C4A-4654-43BC-8BFD-AEE65D6EAE3A.png	bee5a29f8d596de01ebcfcedf599e23951f8753ab9a521a3c01112f48434c5ba
89	old	3C2FA690-C11F-420A-AF96-62DC009383A0.png	bc734cc6acf838470c60aae831d79d35d4d105a779a2b3dc679a140f0473709d
89	new	3FC23C30-AAAC-49A7-96E1-57AD1612B1FD.png	9d6ce20637bd21ab6883a988d9cb6a67693efff4bbdf760b6e7387c692fae6e4
90	old	575CE13F-CF5A-4170-AF02-C0615DAE8409.png	c15340822dc02c8e444b33f2cc925cec6c70b6e6d30689f25cb9da1c19e2cf8d
90	new	B824A506-2FA1-4530-A5CD-251E290869F5.png	9a0c222c1f620d42cfa3bb2c0f0408808513970d289c7d47c4b38509b8e7a1db
91	old	5EE04C6C-D003-48E2-8F5F-5F4635768E34.png	2454c0eede7edf55b50a248f3dd5600337f9ca8d87010eeaafec2f32126fb2ab
91	new	8E3A852B-9913-42A9-99E3-006FD876FEE5.png	332602b3fe7efbf6a9f48118b760cbb856ff3585ff65cfc6751b1b08962bbafc
92	old	065484EF-680B-47B4-A992-0E4886AD9F36.png	68dcd0cdb9b077721e13518926962679a675c0a1216b3a8ddff16f112fed8913
92	new	279E14A0-3258-4A97-804A-E7419B8E0902.png	36156b6edb11e0f3cb67b7f7b13a75495897aa44f78c45a25cdbbc32c7466b88
