reviewed_date	source	url	supported_claim	limit
2026-10-05	Apple App Review Guidelines	https://developer.apple.com/app-store/review/guidelines/	5.1.2(i) explicit permission before third-party AI sharing; deletion and login requirements.	Engineering mapping only; no approval claim.
2026-10-05	Apple app privacy details	https://developer.apple.com/app-store/app-privacy-details/	Own and SDK collection inform App Store privacy answers.	Actual configured release data still needs readback.
2026-10-05	Apple privacy manifest files	https://developer.apple.com/documentation/bundleresources/privacy-manifest-files	Manifest documentation exists.	JS page returned limited text; API-specific source used for reason claims.
2026-10-05	Apple required reason API	https://developer.apple.com/documentation/bundleresources/describing-use-of-required-reason-api	Apps and SDKs must declare actual reasons for covered APIs.	No automatic compliance from an SDK manifest.
2026-10-05	Apple reason categories	https://developer.apple.com/documentation/bundleresources/app-privacy-configuration/nsprivacyaccessedapitypes/nsprivacyaccessedapitype	UserDefaults is a covered API.	Reason must fit actual app behavior.
2026-10-05	Apple SDK requirements	https://developer.apple.com/support/third-party-SDK-requirements/	Listed SDK privacy/signature requirements include GoogleSignIn.	Final SDK closure and archive not inspected here.
2026-10-05	Google Sign-In privacy	https://developers.google.com/identity/sign-in/ios/app-privacy	SDK may collect user identifier and IP for approximate fraud-prevention location.	Declared SDK use still needs final archive verification.
2026-10-05	OpenRouter provider logging	https://openrouter.ai/docs/guides/privacy/provider-logging	Providers have different retention policies.	Actual chosen route and account settings not inspected.
2026-10-05	Perplexity privacy and security	https://docs.perplexity.ai/docs/resources/privacy-security	Zero retention statement explicitly covers Chat Completions API.	Does not establish embeddings retention.
2026-10-05	Perplexity embeddings	https://docs.perplexity.ai/docs/embeddings/quickstart	Embeddings API processes text and search queries.	No embeddings-specific retention proof on this page.
2026-10-05	PostHog people	https://posthog.com/docs/data/persons	Person deletion is asynchronous; options include related events.	Zero persons found does not prove personless event deletion.
2026-10-05	PostHog event deletion	https://posthog.com/docs/api/data-deletion-requests	Event deletion request creation and status API are documented.	Request acceptance is distinct from completion.
2026-10-05	PostHog anonymous events	https://posthog.com/docs/data/anonymous-vs-identified-events	False process_person_profile permits events without profiles.	Product actor hashes do not establish legal anonymity.
2026-10-05	Supabase backups	https://supabase.com/docs/guides/platform/backups	Describes service backup behavior.	Actual project configuration and erasure guarantees not established.
